Workbook

Sheet 7. Strategic Summary
A1: WoWCollectorTracker - Competitive Matrix
A2: Where the WoW tools market sits today, where the gaps are, and where to plant a flag.
A4: Quick stats
A5: Tools analyzed (excl. ours) | B5: =COUNTA('1. Tool Overview'!B2:B100)-1 -> 29
A6: Features tracked | B6: 56
A7: Game versions covered in scope | B7: 6
A8: Identified gaps & opportunities | B8: =COUNTA('6. Gaps & Opportunities'!A2:A100) -> 35
A9: P0 (must-have for MVP) gaps | B9: =COUNTIF('6. Gaps & Opportunities'!G:G,"P0") -> 14
A10: P1 (v2) gaps | B10: =COUNTIF('6. Gaps & Opportunities'!G:G,"P1") -> 10
A11: P2 (v3+) gaps | B11: =COUNTIF('6. Gaps & Opportunities'!G:G,"P2") -> 11
A13: Key takeaways
A14: 1. The WoW tools market is FRAGMENTED - most users open 4-6 different sites for any serious task. No unified product exists.
A15: 2. MOBILE is the biggest white space. Only Blizzard's official app is iOS-native, and it does almost nothing useful.
A16: 3. NO SOCIAL PLATFORM exists. WoWProgress is 2008-era. Raider.IO is dungeons-only. Battle.net profiles are barebones. Strava-for-WoW is open whitespace.
A17: 4. AI is COMPLETELY UNUSED in this space. A WoW AI assistant (Discord bot + in-game addon + mobile chat) is a defensible position.
A18: 5. PUSH NOTIFICATIONS for time-sensitive events (resets, AH undercuts, rare spawns) are owned by Discord bots, not consumer apps.
A19: 6. The AH category alone has 5+ web tools (TSM, WowAuctions, etc.) - the gap is NOT data, it's mobile + push.
A20: 7. ADDON MANAGEMENT is fragmented (CurseForge, Wago Addons, WowUp). No mobile presence. CurseForge API exposes download stats we can leverage.
A21: 8. WARCRAFT.WIKI.GG (post-2023) is the active community wiki, not Wowpedia/Fandom. Best RAG source w/ CC BY-SA license.
A22: 9. The proven monetization model is FREEMIUM at $5-15/mo. ~5-10% conversion rate is realistic.
A23: 10. COMMERCIAL USE of Battle.net + TSM APIs requires partnership/agreement review. #1 legal risk.
A24: 11. WoW addons CANNOT make HTTP requests - any in-game online feature requires the TSM-pattern (addon + desktop companion + backend).
... A28: Phased build (per your direction)
A29: Phase 1 (Months 0-4) | B29: Mobile + web: collection tracker + shareable profile pages + AI daily briefing + push. Retail only. Free + ads. Profiles = viral surface.
A30: Phase 2 (Months 4-8) | B30: Activity feed + follow/friends graph + achievement showcases. AH intelligence module + smart alerts. Premium tier $4.99/mo. Add Classic Era/SoD.
A31: Phase 3 (Months 8-12) | B31: AI assistant: Discord bot first (RAG over Warcraft Wiki + game data). Profession + class/build modules. News aggregator. Add Cata Classic.
A32: Phase 4 (Months 12-18) | B32: Addon library sync + recommendations (CurseForge/Wago APIs). In-game addon + desktop companion (TSM-pattern) for live AI Q&A. Gear optimization (SimC).
A33: Phase 5 (Months 18-24) | B33: Apple Watch, voice (Siri), guild tournaments, in-app messaging, expansion to other Blizzard games (Diablo, Overwatch) or other MMOs (FF14).
A36: Legend
A37: Y | B37: Full feature support
A38: P | B38: Partial support
A39: (blank) | B39: No support
A40: P0 | B40: MVP must-have
A41: P1 | B41: v2 priority
A42: P2 | B42: v3+ nice-to-have
A43: Highlighted row | B43: WoWCollectorTracker (target state)

Sheet 1. Tool Overview
A1: # | B1: Tool | C1: URL | D1: Primary Purpose | E1: Owner | F1: Est. Founded
A2: 1 | B2: Wowhead | C2: wowhead.com | D2: Database + guides + news | E2: Fanbyte/Tencent | F2: 2005
A3: 2 | B3: Simple Armory | C3: simplearmory.com | D3: Collection tracker (web) | E3: Independent | F3: 2014
A4: 3 | B4: Data for Azeroth | C4: dataforazeroth.com | D4: Account rankings + collections | E4: Independent | F4: 2020
A5: 4 | B5: Wow-Pets | C5: wow-pets.com | D5: Pet collection database | E5: Independent | F5: 2010
A6: 5 | B6: Raider.IO | C6: raider.io | D6: M+ scores + raid tracking | E6: Raider.IO LLC | F6: 2017
A7: 6 | B7: WoWProgress | C7: wowprogress.com | D7: Guild/character rankings | E7: Independent | F7: 2008
A8: 7 | B8: Completionism | C8: completionism.com | D8: Completionist tracker | E8: Independent | F8: 2018
A9: 8 | B9: Missing Mounts | C9: missingmounts.com | D9: Mount-specific tracker | E9: Independent | F9: 2017
A10: 9 | B10: WoW-Professions | C10: wow-professions.com | D10: Profession leveling guides | E10: Independent | F10: 2014
A11: 10 | B11: Icy Veins | C11: icy-veins.com | D11: Class + raid guides | E11: Independent | F11: 2011
A12: 11 | B12: Gaming.tools | C12: gaming.tools/wow | D12: Multi-purpose WoW tools | E12: Independent | F12: 2020
A13: 12 | B13: Wago.io | C13: wago.io | D13: WeakAuras + addon configs | E13: Independent | F13: 2017
... A31: 30 | B31: WoWCollectorTracker (US) | C31: TBD | D31: Mobile-first WoW super app + AI | E31: You | F31: 2026

Sheet 2. Feature Matrix
A1: Tool | B1: Collections | J1: Progression | O1: Economy | T1: Profession & Class | Z1: Content/Database | AE1: Social/Comparison | AJ1: Social Platform | AO1: Addons | AS1: Platform | AZ1: Modern Tech
B2: Mounts | C2: Pets | D2: Toys | E2: Transmog/Appearances | F2: Achievements | G2: Titles | H2: Reputations | I2: Currencies | J2: M+ Score Tracking | K2: Raid Progress | L2: Vault Tracking | M2: Weekly Lockouts | N2: Daily Quests | O2: AH Price History | P2: AH Snipe/Alerts | Q2: Gold Making Insights | R2: Crafting Profit Calc | S2: Market Trends | T2: Profession Leveling Guides | U2: Recipe Lists | V2: Gear Optimization | W2: DPS Simulation | X2: Talent/Build Guides | Y2: Stat Priorities | Z2: Item Database | AA2: Quest Database | AB2: Spell Database | AC2: Strategy Guides | AD2: News/Patch Notes | AE2: Account Rankings | AF2: Global Leaderboards | AG2: Guild Rosters | AH2: Character Search | AI2: Friend Tracking | AJ2: Activity Feed | AK2: Profile Customization | AL2: Follow/Friends Network | AM2: Achievement Showcase | AN2: Direct Messaging | AO2: Addon Library Sync | AP2: Addon Update Notifications | AQ2: Addon Recommendations | AR2: Download Stats Tracking | AS2: Web App | AT2: iOS Native App | AU2: Android Native App | AV2: Apple Watch | AW2: Desktop Addon | AX2: Push Notifications | AY2: Discord Bot | AZ2: AI Recommendations | BA2: AI Chat/RAG | BB2: Real-time Alerts | BC2: Cross-Character Sync | BD2: Voice Assistant Integration | BE2: Unified Multi-Tool View | BF2: Y count | BG2: P count | BH2: Coverage Score
A3: Wowhead | B3: Y | C3: Y | D3: Y | E3: Y | F3: Y | G3: Y | H3: Y | I3: P | T3: Y | U3: Y | X3: Y | Y3: Y | Z3: Y | AA3: Y | AB3: Y | AC3: Y | AD3: Y | AH3: P | AS3: Y | AT3: Y | AU3: Y | AW3: Y | BF3: =COUNTIF(B3:BE3,"Y") -> 20 | BG3: =COUNTIF(B3:BE3,"P") -> 2 | BH3: =BF3+BG3*0.5 -> 21
A4: Simple Armory | B4: Y | C4: Y | D4: Y | E4: Y | F4: Y | G4: Y | AE4: P | AH4: Y | AS4: Y | BF4: =COUNTIF(B4:BE4,"Y") -> 8 | BG4: =COUNTIF(B4:BE4,"P") -> 1 | BH4: =BF4+BG4*0.5 -> 8.5
A5: Data for Azeroth | B5: Y | C5: Y | D5: Y | E5: Y | F5: Y | G5: Y | H5: Y | AE5: Y | AF5: Y | AH5: Y | AI5: P | AS5: Y | BF5: =COUNTIF(B5:BE5,"Y") -> 11 | BG5: =COUNTIF(B5:BE5,"P") -> 1 | BH5: =BF5+BG5*0.5 -> 11.5
A6: Wow-Pets | C6: Y | Z6: P | AS6: Y | BF6: =COUNTIF(B6:BE6,"Y") -> 2 | BG6: =COUNTIF(B6:BE6,"P") -> 1 | BH6: =BF6+BG6*0.5 -> 2.5
A7: Raider.IO | J7: Y | K7: Y | L7: P | AE7: P | AF7: Y | AG7: Y | AH7: Y | AS7: Y | AW7: Y | BF7: =COUNTIF(B7:BE7,"Y") -> 7 | BG7: =COUNTIF(B7:BE7,"P") -> 2 | BH7: =BF7+BG7*0.5 -> 8
A8: WoWProgress | K8: Y | AE8: Y | AF8: Y | AG8: Y | AH8: Y | AS8: Y | BF8: =COUNTIF(B8:BE8,"Y") -> 6 | BG8: =COUNTIF(B8:BE8,"P") -> 0 | BH8: =BF8+BG8*0.5 -> 6
A9: Completionism | B9: Y | C9: Y | D9: Y | E9: Y | F9: Y | G9: Y | H9: Y | AE9: Y | AH9: Y | AS9: Y | BF9: =COUNTIF(B9:BE9,"Y") -> 10 | BG9: =COUNTIF(B9:BE9,"P") -> 0 | BH9: =BF9+BG9*0.5 -> 10
A10: Missing Mounts | B10: Y | AH10: Y | AS10: Y | BF10: =COUNTIF(B10:BE10,"Y") -> 3 | BG10: =COUNTIF(B10:BE10,"P") -> 0 | BH10: =BF10+BG10*0.5 -> 3
A11: WoW-Professions | T11: Y | U11: Y | AC11: P | AS11: Y | BF11: =COUNTIF(B11:BE11,"Y") -> 3 | BG11: =COUNTIF(B11:BE11,"P") -> 1 | BH11: =BF11+BG11*0.5 -> 3.5
A12: Icy Veins | X12: Y | Y12: Y | AC12: Y | AD12: Y | AS12: Y | BF12: =COUNTIF(B12:BE12,"Y") -> 5 | BG12: =COUNTIF(B12:BE12,"P") -> 0 | BH12: =BF12+BG12*0.5 -> 5
A13: Gaming.tools | T13: Y | U13: Y | AC13: P | AS13: Y | BF13: =COUNTIF(B13:BE13,"Y") -> 3 | BG13: =COUNTIF(B13:BE13,"P") -> 1 | BH13: =BF13+BG13*0.5 -> 3.5
A14: Wago.io | AS14: Y | AW14: P | BF14: =COUNTIF(B14:BE14,"Y") -> 1 | BG14: =COUNTIF(B14:BE14,"P") -> 1 | BH14: =BF14+BG14*0.5 -> 1.5
A15: WowAuctions | O15: Y | S15: Y | AS15: Y | BF15: =COUNTIF(B15:BE15,"Y") -> 3 | BG15: =COUNTIF(B15:BE15,"P") -> 0 | BH15: =BF15+BG15*0.5 -> 3
A16: WowAuction.us | O16: Y | S16: Y | AS16: Y | BF16: =COUNTIF(B16:BE16,"Y") -> 3 | BG16: =COUNTIF(B16:BE16,"P") -> 0 | BH16: =BF16+BG16*0.5 -> 3
A17: Undermine Exchange | O17: Y | Q17: P | S17: Y | AS17: Y | BF17: =COUNTIF(B17:BE17,"Y") -> 3 | BG17: =COUNTIF(B17:BE17,"P") -> 1 | BH17: =BF17+BG17*0.5 -> 3.5
A18: WoWPriceHub | O18: Y | S18: Y | AS18: Y | BF18: =COUNTIF(B18:BE18,"Y") -> 3 | BG18: =COUNTIF(B18:BE18,"P") -> 0 | BH18: =BF18+BG18*0.5 -> 3
A19: TradeSkillMaster | O19: Y | P19: Y | Q19: Y | R19: Y | S19: Y | U19: P | AS19: Y | AW19: Y | BF19: =COUNTIF(B19:BE19,"Y") -> 7 | BG19: =COUNTIF(B19:BE19,"P") -> 1 | BH19: =BF19+BG19*0.5 -> 7.5
A20: Archon.gg | X20: Y | Y20: Y | AF20: P | AS20: Y | BF20: =COUNTIF(B20:BE20,"Y") -> 3 | BG20: =COUNTIF(B20:BE20,"P") -> 1 | BH20: =BF20+BG20*0.5 -> 3.5
A21: Blizzard Companion App | N21: P | AG21: Y | AI21: Y | AT21: Y | AU21: Y | AX21: P | BF21: =COUNTIF(B21:BE21,"Y") -> 4 | BG21: =COUNTIF(B21:BE21,"P") -> 2 | BH21: =BF21+BG21*0.5 -> 5
A22: AskMrRobot | V22: Y | W22: P | Y22: Y | AS22: Y | AW22: Y | BF22: =COUNTIF(B22:BE22,"Y") -> 4 | BG22: =COUNTIF(B22:BE22,"P") -> 1 | BH22: =BF22+BG22*0.5 -> 4.5
A23: SimulationCraft | W23: Y | Y23: Y | BF23: =COUNTIF(B23:BE23,"Y") -> 2 | BG23: =COUNTIF(B23:BE23,"P") -> 0 | BH23: =BF23+BG23*0.5 -> 2
A24: Raidbots | V24: Y | W24: Y | Y24: Y | AS24: Y | BF24: =COUNTIF(B24:BE24,"Y") -> 4 | BG24: =COUNTIF(B24:BE24,"P") -> 0 | BH24: =BF24+BG24*0.5 -> 4
A25: RTW.dev (TBC/legacy) | K25: Y | AF25: Y | AS25: Y | BF25: =COUNTIF(B25:BE25,"Y") -> 3 | BG25: =COUNTIF(B25:BE25,"P") -> 0 | BH25: =BF25+BG25*0.5 -> 3
A26: Wowpedia (legacy) | Z26: P | AA26: P | AB26: P | AC26: P | AS26: Y | BF26: =COUNTIF(B26:BE26,"Y") -> 1 | BG26: =COUNTIF(B26:BE26,"P") -> 4 | BH26: =BF26+BG26*0.5 -> 3
A27: Warcraft Wiki | Z27: Y | AA27: Y | AB27: Y | AC27: Y | AS27: Y | BF27: =COUNTIF(B27:BE27,"Y") -> 5 | BG27: =COUNTIF(B27:BE27,"P") -> 0 | BH27: =BF27+BG27*0.5 -> 5
A28: MMO-Champion | Z28: P | AC28: P | AD28: Y | AS28: Y | BF28: =COUNTIF(B28:BE28,"Y") -> 2 | BG28: =COUNTIF(B28:BE28,"P") -> 2 | BH28: =BF28+BG28*0.5 -> 3
A29: CurseForge | AO29: Y | AP29: Y | AR29: Y | AS29: Y | AW29: Y | BF29: =COUNTIF(B29:BE29,"Y") -> 5 | BG29: =COUNTIF(B29:BE29,"P") -> 0 | BH29: =BF29+BG29*0.5 -> 5
A30: Wago Addons | AO30: Y | AP30: Y | AR30: Y | AS30: Y | AW30: Y | BF30: =COUNTIF(B30:BE30,"Y") -> 5 | BG30: =COUNTIF(B30:BE30,"P") -> 0 | BH30: =BF30+BG30*0.5 -> 5
A31: WowUp | AO31: Y | AP31: Y | AW31: Y | BF31: =COUNTIF(B31:BE31,"Y") -> 3 | BG31: =COUNTIF(B31:BE31,"P") -> 0 | BH31: =BF31+BG31*0.5 -> 3
A32: WoWCollectorTracker (US) | B32: Y | C32: Y | D32: Y | E32: Y | F32: Y | G32: Y | H32: Y | I32: Y | J32: Y | K32: Y | L32: Y | M32: Y | N32: Y | O32: Y | P32: Y | Q32: Y | R32: Y | S32: Y | T32: Y | U32: Y | V32: Y | W32: P | X32: Y | Y32: Y | Z32: P | AA32: P | AB32: P | AC32: Y | AD32: Y | AE32: Y | AF32: Y | AG32: Y | AH32: Y | AI32: Y | AJ32: Y | AK32: Y | AL32: Y | AM32: Y | AN32: P | AO32: Y | AP32: Y | AQ32: Y | AR32: Y | AS32: Y | AT32: Y | AU32: P | AV32: Y | AX32: Y | AY32: Y | AZ32: Y | BA32: Y | BB32: Y | BC32: Y | BD32: Y | BE32: Y | BF32: =COUNTIF(B32:BE32,"Y") -> 49 | BG32: =COUNTIF(B32:BE32,"P") -> 6 | BH32: =BF32+BG32*0.5 -> 52
A33: Total tools covering (Y+P) | B33: =COUNTIF(B3:B31,"Y")+COUNTIF(B3:B31,"P")*0.5 -> 5 | C33: =COUNTIF(C3:C31,"Y")+COUNTIF(C3:C31,"P")*0.5 -> 5 | D33: =COUNTIF(D3:D31,"Y")+COUNTIF(D3:D31,"P")*0.5 -> 4 | E33: =COUNTIF(E3:E31,"Y")+COUNTIF(E3:E31,"P")*0.5 -> 4 | F33: =COUNTIF(F3:F31,"Y")+COUNTIF(F3:F31,"P")*0.5 -> 4 | G33: =COUNTIF(G3:G31,"Y")+COUNTIF(G3:G31,"P")*0.5 -> 4 | H33: =COUNTIF(H3:H31,"Y")+COUNTIF(H3:H31,"P")*0.5 -> 3 | I33: =COUNTIF(I3:I31,"Y")+COUNTIF(I3:I31,"P")*0.5 -> 0.5 | ... BE33: =COUNTIF(BE3:BE31,"Y")+COUNTIF(BE3:BE31,"P")*0.5 -> 0

Sheet 3. API & Data
A1: Tool | B1: Public API | C1: Data Source | D1: Pricing Model | E1: Commercial Use Status
A2: Wowhead | B2: None public | C2: Game data extraction + community | D2: Free + Premium | E2: Commercial OK
A3: Simple Armory | B3: None public | C3: Battle.net API | D3: Free | E3: Personal use
A4: Data for Azeroth | B4: None public | C4: Battle.net API | D4: Free + Donations | E4: Personal use
A5: Wow-Pets | B5: None public | C5: Manual + scraped | D5: Free + Ads | E5: N/A
A6: Raider.IO | B6: Public REST API | C6: WCL + own pipeline + BNet | D6: Free + Subs | E6: Commercial OK
A7: WoWProgress | B7: Limited feeds | C7: Self-reported + scraping | D7: Free | E7: Limited
A8: Completionism | B8: None public | C8: Battle.net API | D8: Free | E8: Personal use
A9: Missing Mounts | B9: None public | C9: Battle.net API | D9: Free | E9: Personal use
A10: WoW-Professions | B10: None | C10: Hand-written content | D10: Free + Ads | E10: N/A
A11: Icy Veins | B11: None | C11: Hand-written content | D11: Free + Ads | E11: N/A
A12: Gaming.tools | B12: None | C12: Hand-written + game data | D12: Free + Ads | E12: N/A
... A31: WoWCollectorTracker (US) | B31: Public REST + GraphQL | C31: BNet + TSM + Raider.IO + Wago + WCL + Warcraft Wiki + CurseForge | D31: Freemium + Ads + Subs | E31: Commercial (needs partnership)

Sheet 4. Game Version Support
A1: Tool | B1: Retail | C1: Classic Era | D1: Season of Discovery | E1: Cataclysm Classic | F1: TBC Classic (legacy) | G1: WotLK Classic (legacy) | H1: Versions covered
A2: Wowhead | B2: Y | C2: Y | D2: Y | E2: Y | F2: Y | G2: Y | H2: =COUNTIF(B2:G2,"Y")+COUNTIF(B2:G2,"P")*0.5 -> 6
A3: Simple Armory | B3: Y | C3: P | E3: P | H3: =COUNTIF(B3:G3,"Y")+COUNTIF(B3:G3,"P")*0.5 -> 2
A4: Data for Azeroth | B4: Y | H4: =COUNTIF(B4:G4,"Y")+COUNTIF(B4:G4,"P")*0.5 -> 1
A5: Wow-Pets | B5: Y | H5: =COUNTIF(B5:G5,"Y")+COUNTIF(B5:G5,"P")*0.5 -> 1
A6: Raider.IO | B6: Y | E6: P | G6: Y | H6: =COUNTIF(B6:G6,"Y")+COUNTIF(B6:G6,"P")*0.5 -> 2.5
A7: WoWProgress | B7: Y | C7: Y | D7: P | E7: Y | F7: Y | G7: Y | H7: =COUNTIF(B7:G7,"Y")+COUNTIF(B7:G7,"P")*0.5 -> 5.5
A8: Completionism | B8: Y | H8: =COUNTIF(B8:G8,"Y")+COUNTIF(B8:G8,"P")*0.5 -> 1
A9: Missing Mounts | B9: Y | H9: =COUNTIF(B9:G9,"Y")+COUNTIF(B9:G9,"P")*0.5 -> 1
A10: WoW-Professions | B10: Y | C10: Y | D10: Y | E10: Y | F10: Y | G10: Y | H10: =COUNTIF(B10:G10,"Y")+COUNTIF(B10:G10,"P")*0.5 -> 6
A11: Icy Veins | B11: Y | C11: Y | D11: Y | E11: Y | G11: Y | H11: =COUNTIF(B11:G11,"Y")+COUNTIF(B11:G11,"P")*0.5 -> 5
A12: Gaming.tools | B12: Y | C12: Y | D12: P | E12: Y | H12: =COUNTIF(B12:G12,"Y")+COUNTIF(B12:G12,"P")*0.5 -> 3.5
A13: Wago.io | B13: Y | C13: Y | D13: Y | E13: Y | G13: Y | H13: =COUNTIF(B13:G13,"Y")+COUNTIF(B13:G13,"P")*0.5 -> 5
A14: WowAuctions | B14: Y | C14: P | E14: P | H14: =COUNTIF(B14:G14,"Y")+COUNTIF(B14:G14,"P")*0.5 -> 2
A15: WowAuction.us | B15: Y | E15: P | H15: =COUNTIF(B15:G15,"Y")+COUNTIF(B15:G15,"P")*0.5 -> 1.5
A16: Undermine Exchange | B16: Y | C16: P | E16: P | H16: =COUNTIF(B16:G16,"Y")+COUNTIF(B16:G16,"P")*0.5 -> 2
A17: WoWPriceHub | B17: Y | E17: P | H17: =COUNTIF(B17:G17,"Y")+COUNTIF(B17:G17,"P")*0.5 -> 1.5
A18: TradeSkillMaster | B18: Y | C18: Y | D18: P | E18: Y | G18: Y | H18: =COUNTIF(B18:G18,"Y")+COUNTIF(B18:G18,"P")*0.5 -> 4.5
A19: Archon.gg | B19: Y | H19: =COUNTIF(B19:G19,"Y")+COUNTIF(B19:G19,"P")*0.5 -> 1
A20: Blizzard Companion App | B20: Y | H20: =COUNTIF(B20:G20,"Y")+COUNTIF(B20:G20,"P")*0.5 -> 1
A21: AskMrRobot | B21: Y | E21: P | H21: =COUNTIF(B21:G21,"Y")+COUNTIF(B21:G21,"P")*0.5 -> 1.5
A22: SimulationCraft | B22: Y | C22: Y | D22: Y | E22: Y | F22: Y | G22: Y | H22: =COUNTIF(B22:G22,"Y")+COUNTIF(B22:G22,"P")*0.5 -> 6
A23: Raidbots | B23: Y | E23: P | H23: =COUNTIF(B23:G23,"Y")+COUNTIF(B23:G23,"P")*0.5 -> 1.5
A24: RTW.dev (TBC/legacy) | F24: Y | H24: =COUNTIF(B24:G24,"Y")+COUNTIF(B24:G24,"P")*0.5 -> 1
A25: Wowpedia (legacy) | B25: P | C25: P | D25: P | E25: P | F25: P | G25: P | H25: =COUNTIF(B25:G25,"Y")+COUNTIF(B25:G25,"P")*0.5 -> 3
A26: Warcraft Wiki | B26: Y | C26: Y | D26: Y | E26: Y | F26: Y | G26: Y | H26: =COUNTIF(B26:G26,"Y")+COUNTIF(B26:G26,"P")*0.5 -> 6
A27: MMO-Champion | B27: Y | C27: P | D27: P | E27: P | F27: P | G27: P | H27: =COUNTIF(B27:G27,"Y")+COUNTIF(B27:G27,"P")*0.5 -> 3.5
A28: CurseForge | B28: Y | C28: Y | D28: Y | E28: Y | F28: Y | G28: Y | H28: =COUNTIF(B28:G28,"Y")+COUNTIF(B28:G28,"P")*0.5 -> 6
A29: Wago Addons | B29: Y | C29: Y | D29: Y | E29: Y | G29: Y | H29: =COUNTIF(B29:G29,"Y")+COUNTIF(B29:G29,"P")*0.5 -> 5
A30: WowUp | B30: Y | C30: Y | D30: Y | E30: Y | F30: Y | G30: Y | H30: =COUNTIF(B30:G30,"Y")+COUNTIF(B30:G30,"P")*0.5 -> 6
A31: WoWCollectorTracker (US) | B31: Y | C31: Y | D31: Y | E31: Y | F31: P | G31: P | H31: =COUNTIF(B31:G31,"Y")+COUNTIF(B31:G31,"P")*0.5 -> 5

Sheet 5. Monetization
A1: Tool | B1: Model | C1: Free Tier | D1: Premium Price (USD) | E1: Premium Features | F1: Est. Audience
A2: Wowhead | B2: Ads + Premium | C2: Full | D2: $2-7/mo | E2: Ad removal, comparison tools | F2: 5M+ MAU
A3: Simple Armory | B3: Free | C3: Full | D3: Free | E3: N/A | F3: 100K+
A4: Data for Azeroth | B4: Free + Donations | C4: Full | D4: Donate | E4: N/A | F4: 200K+
A5: Wow-Pets | B5: Ads | C5: Full | D5: Free | E5: N/A | F5: 50K+
A6: Raider.IO | B6: Freemium | C6: Limited stats | D6: $5-15/mo | E6: Detailed stats, no ads, badges | F6: 1M+ MAU
A7: WoWProgress | B7: Free | C7: Full | D7: Free | E7: N/A | F7: 300K+
A8: Completionism | B8: Free | C8: Full | D8: Free | E8: N/A | F8: 100K+
A9: Missing Mounts | B9: Free | C9: Full | D9: Free | E9: N/A | F9: 30K+
A10: WoW-Professions | B10: Ads | C10: Full | D10: Free | E10: N/A | F10: 500K+
A11: Icy Veins | B11: Ads + Premium | C11: Full | D11: $3-5/mo | E11: Ad removal | F11: 2M+ MAU
A12: Gaming.tools | B12: Ads | C12: Full | D12: Free | E12: N/A | F12: 50K+
... A31: WoWCollectorTracker (US) | B31: Freemium + Ads | C31: Tracking + ads | D31: $4.99-9.99/mo | E31: Push, AI, AH alerts, no ads, sync | F31: TBD (target 100K)

Sheet 6. Gaps & Opportunities
A1: Category | B1: Gap | C1: Why It's a Gap | D1: Who Owns It Today | E1: Our Opportunity | F1: Difficulty | G1: Priority
A2: Mobile | B2: Native iOS app for collection tracking | C2: Only Blizzard's app exists for iOS, and it doesn't track collections at all | D2: Nobody | E2: Build it native, with offline mode + push | F2: Med | G2: P0
A3: Mobile | B3: Native iOS app for AH/gold making | C3: TSM is desktop-only. WowAuctions/PriceHub/Undermine all web. Mobile gold-makers have nothing | D3: Nobody | E3: TSM-style alerts on iOS via push | F3: Med | G3: P0
A4: Mobile | B4: Apple Watch lockout/vault complications | C4: No tool surfaces weekly resets on the wrist | D4: Nobody | E4: Watch app + complications | F4: Low | G4: P1
A5: AI | B5: AI 'what should I do tonight' planner | C5: No tool synthesizes vault + collections + AH + lockouts into recs | D5: Nobody | E5: LLM-powered daily briefing | F5: Med | G5: P0
A6: AI | B6: AI gear recommendations from natural language | C6: Raidbots/AMR require manual setup. Ask 'is this upgrade?' -> instant | D6: Nobody | E6: NL interface over SimC + Archon data | F6: High | G6: P1
A7: AI | B7: AI-generated profession routes per character | C7: Static guides exist but don't account for your realm's mob density | D7: Nobody | E7: Personalized real-time routes | F7: High | G7: P2
A8: Notifications | B8: Push: rare spawn timer alerts | C8: Discord bots do this, no consumer app does | D8: Discord communities | E8: First-party push notifications | F8: Low | G8: P0
A9: Notifications | B9: Push: AH undercut alerts | C9: TSM does this in-game only, not when you're away | D9: Nobody (away from PC) | E9: Backend polling + push | F9: Med | G9: P0
A10: Notifications | B10: Push: weekly reset reminder w/ unfinished | C10: No tool reminds you what you didn't finish | D10: Nobody | E10: Smart reminder w/ specifics | F10: Low | G10: P0
A11: Aggregation | B11: Single dashboard across BNet+TSM+Raider+Wago | C11: Each tool is siloed. Power users open 6+ tabs | D11: Nobody | E11: Unified player view | F11: Med | G11: P0
A12: Aggregation | B12: Cross-character account-wide collection view | C12: DFA does this on web, no mobile equivalent | D12: Data for Azeroth (web only) | E12: Native mobile rollup | F12: Low | G12: P0
... A36: AI | B36: Discord bot for WoW Q&A (RAG over wiki+data) | C36: No major Discord bot answers character-aware WoW questions | D36: A few small Discord bots | E36: First-class Discord bot w/ RAG | F36: Med | G36: P0
